{
    "bpp_all": 0.5287098943508974,
    "bpp_t": 0.5153066671480897,
    "model_bpp": 0.011911362909939566,
    "xyzlow_bpp": 0.001491864292868224,
    "enc_mode": 2,
    "enc_time": 0.4223368629332512,
    "dec_time": 0.4450619528370519
}