{
    "mu": 131.0,
    "b": 7.0,
    "min_param": -1.11164391040802,
    "max_param": 1.0487065315246582,
    "enc_mode": 2,
    "xlow_enc_flags": "",
    "xlow_enc_modes": ""
}