{
    "bpp_all": 0.5143535316276461,
    "bpp_t": 0.501261807002161,
    "model_bpp": 0.011599860332616806,
    "xyzlow_bpp": 0.001491864292868224,
    "enc_mode": 2,
    "enc_time": 0.41585589993384575,
    "dec_time": 0.43884065843397574
}