{
    "mu": 128.0,
    "b": 6.0,
    "min_param": -1.1405375003814697,
    "max_param": 1.1284626722335815,
    "enc_mode": 2,
    "xlow_enc_flags": "",
    "xlow_enc_modes": ""
}