{
    "bpp_all": 0.5198647310725871,
    "bpp_t": 0.50665746492211,
    "model_bpp": 0.01171540185760902,
    "xyzlow_bpp": 0.001491864292868224,
    "enc_mode": 2,
    "enc_time": 0.42257108226899176,
    "dec_time": 0.4460015143117597
}