{
    "mu": 130.0,
    "b": 7.0,
    "min_param": -1.1528489589691162,
    "max_param": 1.1001911163330078,
    "enc_mode": 2,
    "xlow_enc_flags": "",
    "xlow_enc_modes": ""
}