{
    "bpp_all": 0.5216884490068393,
    "bpp_t": 0.5085251674141716,
    "model_bpp": 0.011671417299799484,
    "xyzlow_bpp": 0.001491864292868224,
    "enc_mode": 2,
    "enc_time": 0.46789063945893317,
    "dec_time": 0.49096766594917546
}