{
    "mu": 131.0,
    "b": 7.0,
    "min_param": -1.153022050857544,
    "max_param": 1.0996977090835571,
    "enc_mode": 2,
    "xlow_enc_flags": "",
    "xlow_enc_modes": ""
}