{
    "bpp_all": 0.6183087363097038,
    "bpp_t": 0.6055465676248216,
    "model_bpp": 0.011270304392014013,
    "xyzlow_bpp": 0.001491864292868224,
    "enc_mode": 2,
    "enc_time": 0.4076177689336961,
    "dec_time": 0.4299728178208874
}