{
    "mu": 148.0,
    "b": 6.0,
    "min_param": -1.8274867534637451,
    "max_param": 1.3143812417984009,
    "enc_mode": 2,
    "xlow_enc_flags": "",
    "xlow_enc_modes": ""
}