{
    "bpp_all": 0.523948073603562,
    "bpp_t": 0.5107089678851182,
    "model_bpp": 0.011747241425575625,
    "xyzlow_bpp": 0.001491864292868224,
    "enc_mode": 2,
    "enc_time": 0.42678816856876495,
    "dec_time": 0.45019029801891697
}