{
    "mu": 131.0,
    "b": 7.0,
    "min_param": -1.1438990831375122,
    "max_param": 1.0866156816482544,
    "enc_mode": 2,
    "xlow_enc_flags": "",
    "xlow_enc_modes": ""
}