{
    "bpp_all": 0.5949414476089345,
    "bpp_t": 0.5819728140967225,
    "model_bpp": 0.01147676921934385,
    "xyzlow_bpp": 0.001491864292868224,
    "enc_mode": 2,
    "enc_time": 0.41915034478710544,
    "dec_time": 0.44663319280070646
}