{
    "mu": 147.0,
    "b": 6.0,
    "min_param": -1.6599985361099243,
    "max_param": 1.2185158729553223,
    "enc_mode": 2,
    "xlow_enc_flags": "",
    "xlow_enc_modes": ""
}