{
    "bpp_all": 0.5220413101982218,
    "bpp_t": 0.5088635859149301,
    "model_bpp": 0.011685859990423512,
    "xyzlow_bpp": 0.001491864292868224,
    "enc_mode": 2,
    "enc_time": 0.4280233152451054,
    "dec_time": 0.45297439636722686
}