{
    "mu": 131.0,
    "b": 7.0,
    "min_param": -1.1524763107299805,
    "max_param": 1.0978062152862549,
    "enc_mode": 2,
    "xlow_enc_flags": "",
    "xlow_enc_modes": ""
}