{
    "bpp_all": 0.5324640091842383,
    "bpp_t": 0.5190000570322159,
    "model_bpp": 0.011972087859154225,
    "xyzlow_bpp": 0.001491864292868224,
    "enc_mode": 2,
    "enc_time": 0.42581120614082585,
    "dec_time": 0.4478841673943304
}