{
    "mu": 129.0,
    "b": 7.0,
    "min_param": -1.085968017578125,
    "max_param": 1.0559391975402832,
    "enc_mode": 2,
    "xlow_enc_flags": "",
    "xlow_enc_modes": ""
}