{
    "bpp_all": 0.5329855872615468,
    "bpp_t": 0.5195242610532742,
    "model_bpp": 0.011969461915404402,
    "xyzlow_bpp": 0.001491864292868224,
    "enc_mode": 2,
    "enc_time": 0.4244512204200991,
    "dec_time": 0.4469399144572596
}