{
    "mu": 128.0,
    "b": 7.0,
    "min_param": -1.0701863765716553,
    "max_param": 1.0687248706817627,
    "enc_mode": 2,
    "xlow_enc_flags": "",
    "xlow_enc_modes": ""
}