{
    "bpp_all": 0.5139694873542344,
    "bpp_t": 0.500880716915468,
    "model_bpp": 0.011596906145898256,
    "xyzlow_bpp": 0.001491864292868224,
    "enc_mode": 2,
    "enc_time": 0.4355274015857327,
    "dec_time": 0.45918017048989573
}