{
    "mu": 128.0,
    "b": 6.0,
    "min_param": -1.1397196054458618,
    "max_param": 1.1283575296401978,
    "enc_mode": 2,
    "xlow_enc_flags": "",
    "xlow_enc_modes": ""
}