{
    "bpp_all": 0.5196645028616632,
    "bpp_t": 0.5064792289900908,
    "model_bpp": 0.011693409578704253,
    "xyzlow_bpp": 0.001491864292868224,
    "enc_mode": 2,
    "enc_time": 0.41420110579459896,
    "dec_time": 0.43765313394608035
}