{
    "mu": 130.0,
    "b": 7.0,
    "min_param": -1.1524865627288818,
    "max_param": 1.1036224365234375,
    "enc_mode": 2,
    "xlow_enc_flags": "",
    "xlow_enc_modes": ""
}