{
    "bpp_all": 0.5218545399490155,
    "bpp_t": 0.508689945384473,
    "model_bpp": 0.011672730271674396,
    "xyzlow_bpp": 0.001491864292868224,
    "enc_mode": 2,
    "enc_time": 0.422442905364498,
    "dec_time": 0.44674893348447736
}