{
    "mu": 131.0,
    "b": 7.0,
    "min_param": -1.153063416481018,
    "max_param": 1.0995181798934937,
    "enc_mode": 2,
    "xlow_enc_flags": "",
    "xlow_enc_modes": ""
}