{
    "bpp_all": 0.7069940780865405,
    "bpp_t": 0.6948552427992725,
    "model_bpp": 0.010646970994399764,
    "xyzlow_bpp": 0.001491864292868224,
    "enc_mode": 2,
    "enc_time": 0.41145153199472734,
    "dec_time": 0.43165569920693675
}