{
    "mu": 139.0,
    "b": 5.0,
    "min_param": -2.1685826778411865,
    "max_param": 1.807926893234253,
    "enc_mode": 2,
    "xlow_enc_flags": "",
    "xlow_enc_modes": ""
}