{
    "bpp_all": 0.5165265000806246,
    "bpp_t": 0.503452500575451,
    "model_bpp": 0.0115821352123055,
    "xyzlow_bpp": 0.001491864292868224,
    "enc_mode": 2,
    "enc_time": 0.41931759926580614,
    "dec_time": 0.4461773980048395
}