{
    "mu": 129.0,
    "b": 6.0,
    "min_param": -1.1482703685760498,
    "max_param": 1.1263550519943237,
    "enc_mode": 2,
    "xlow_enc_flags": "",
    "xlow_enc_modes": ""
}