{
    "bpp_all": 0.5167109726290497,
    "bpp_t": 0.5036038205840345,
    "model_bpp": 0.011615287752147017,
    "xyzlow_bpp": 0.001491864292868224,
    "enc_mode": 2,
    "enc_time": 0.4291178564871511,
    "dec_time": 0.45407410590879377
}