{
    "mu": 129.0,
    "b": 6.0,
    "min_param": -1.1498159170150757,
    "max_param": 1.1226094961166382,
    "enc_mode": 2,
    "xlow_enc_flags": "",
    "xlow_enc_modes": ""
}