{
    "bpp_all": 0.5221840958896184,
    "bpp_t": 0.5090152341664824,
    "model_bpp": 0.01167699743026786,
    "xyzlow_bpp": 0.001491864292868224,
    "enc_mode": 2,
    "enc_time": 0.42054894662672476,
    "dec_time": 0.443509824814335
}