{
    "mu": 131.0,
    "b": 7.0,
    "min_param": -1.153157353401184,
    "max_param": 1.0990574359893799,
    "enc_mode": 2,
    "xlow_enc_flags": "",
    "xlow_enc_modes": ""
}