{
    "bpp_all": 0.5221355159302468,
    "bpp_t": 0.5089682954219543,
    "model_bpp": 0.01167535621542422,
    "xyzlow_bpp": 0.001491864292868224,
    "enc_mode": 2,
    "enc_time": 0.42541570048178395,
    "dec_time": 0.448256254196167
}