{
    "mu": 131.0,
    "b": 7.0,
    "min_param": -1.1531217098236084,
    "max_param": 1.0992132425308228,
    "enc_mode": 2,
    "xlow_enc_flags": "",
    "xlow_enc_modes": ""
}