{
    "bpp_all": 0.5189430248163993,
    "bpp_t": 0.5057767890370131,
    "model_bpp": 0.011674371486518035,
    "xyzlow_bpp": 0.001491864292868224,
    "enc_mode": 2,
    "enc_time": 0.419268585020496,
    "dec_time": 0.44199995840749434
}