{
    "mu": 130.0,
    "b": 7.0,
    "min_param": -1.152374505996704,
    "max_param": 1.106905221939087,
    "enc_mode": 2,
    "xlow_enc_flags": "",
    "xlow_enc_modes": ""
}