{
    "bpp_all": 0.5148918500963597,
    "bpp_t": 0.5017801026497823,
    "model_bpp": 0.011619883153709208,
    "xyzlow_bpp": 0.001491864292868224,
    "enc_mode": 2,
    "enc_time": 0.4177843601472916,
    "dec_time": 0.43924401652428413
}