{
    "bpp_all": 0.5178319223672555,
    "bpp_t": 0.5047040910152104,
    "model_bpp": 0.011635967059176874,
    "xyzlow_bpp": 0.001491864292868224,
    "enc_mode": 2,
    "enc_time": 0.42244518187738234,
    "dec_time": 0.450031788118424
}