{
    "mu": 129.0,
    "b": 7.0,
    "min_param": -1.1501692533493042,
    "max_param": 1.1215035915374756,
    "enc_mode": 2,
    "xlow_enc_flags": "",
    "xlow_enc_modes": ""
}