{
    "bpp_all": 0.5233562515309457,
    "bpp_t": 0.5101539090249994,
    "model_bpp": 0.011710478213078102,
    "xyzlow_bpp": 0.001491864292868224,
    "enc_mode": 2,
    "enc_time": 0.4230236007321265,
    "dec_time": 0.4476213993564729
}