{
    "mu": 131.0,
    "b": 7.0,
    "min_param": -1.149925708770752,
    "max_param": 1.0938942432403564,
    "enc_mode": 2,
    "xlow_enc_flags": "",
    "xlow_enc_modes": ""
}