{
    "bpp_all": 0.6430306837424129,
    "bpp_t": 0.6306207197629757,
    "model_bpp": 0.010918099686568995,
    "xyzlow_bpp": 0.001491864292868224,
    "enc_mode": 2,
    "enc_time": 0.40811837104059034,
    "dec_time": 0.430737518495129
}