{
    "mu": 144.0,
    "b": 5.0,
    "min_param": -1.9975144863128662,
    "max_param": 1.5491762161254883,
    "enc_mode": 2,
    "xlow_enc_flags": "",
    "xlow_enc_modes": ""
}