{
    "bpp_all": 0.522453583366944,
    "bpp_t": 0.5092824239430269,
    "model_bpp": 0.011679295131048954,
    "xyzlow_bpp": 0.001491864292868224,
    "enc_mode": 2,
    "enc_time": 0.4259187252290787,
    "dec_time": 0.44893683925751715
}