{
    "mu": 131.0,
    "b": 7.0,
    "min_param": -1.1532305479049683,
    "max_param": 1.0988668203353882,
    "enc_mode": 2,
    "xlow_enc_flags": "",
    "xlow_enc_modes": ""
}